{
  "timestamp": "2026-01-18T16:58:16.379734",
  "total_simulations": 63,
  "successful_simulations": 60,
  "failed_simulations": 3,
  "failed_cases": [
    {
      "amp": 50.0,
      "kc": -20000000000.0,
      "exception": "RuntimeError",
      "message": "Newton did not converge at step 13290, residual = 2.092003628236134"
    },
    {
      "amp": 50.0,
      "kc": -22500000000.0,
      "exception": "RuntimeError",
      "message": "Newton did not converge at step 12773, residual = 349.10950990103674"
    },
    {
      "amp": 50.0,
      "kc": -25000000000.0,
      "exception": "RuntimeError",
      "message": "Newton did not converge at step 12600, residual = 0.6126124974396809"
    }
  ],
  "sweep_parameters": {
    "K_p": 0.03,
    "K_i": 2000,
    "R_c": 1000.0,
    "t_end": 1.0,
    "f0": 1000,
    "f1": 3000,
    "dt": 6.666666666666667e-06
  }
}